Player,Ht,Wt,40yd,Vertical,Bench,Broad Jump,3Cone,Shuttle,Player-additional,Rnd,Pick,Tm,Pos,Age,To,1st_Team_AllPro,Pro_Bowl,Years_As_Starter,Weighted_Aprox_Value,DrAV,G,Pass_Completed,Pass_Attempts,Pass_Yards,Pass_TDs,Interceptions_Thrown,Rush_Attempts,Rush_Yards,Rush_TDs,Receptions,Receiving_Yards,Receiving_Touchdowns,Solo_Tackles,Interceptions,Sack,-9999
Tyler Allgeier,5-11,224.0,4.6,33.0,23.5,120.0,,,AllgTy00,5.0,151.0,ATL,RB,22.0,2022.0,0.0,0.0,0.0,8.0,8.0,16.0,0.0,0.0,0.0,0.0,0.0,210.0,1035.0,3.0,16.0,139.0,1.0,2.0,,,AllgTy00
Troy Andersen,6-4,243.0,4.42,36.0,23.75,128.0,7.03,4.326666666666667,AndeTr00,2.0,58.0,ATL,LB,23.0,2022.0,0.0,0.0,0.0,3.0,3.0,17.0,0.0,0.0,0.0,0.0,0.0,0.0,0.0,0.0,0.0,0.0,0.0,40.0,,,AndeTr00
Tycen Anderson,6-2,209.0,4.36,35.5,19.0,123.0,6.64,4.28,AndeTy00,5.0,166.0,CIN,S,23.0,,0.0,0.0,0.0,,,,,,,,,,,,,,,,,,AndeTy00
Matt Araiza,6-1,200.0,4.68,32.0,,121.0,,,AraiMa00,6.0,180.0,BUF,P,22.0,,0.0,0.0,0.0,,,,,,,,,,,,,,,,,,AraiMa00
Jalyn Armour-Davis,6-1,197.0,4.39,34.5,14.0,127.44444444444444,6.686666666666667,4.08,ArmoJa00,4.0,119.0,BAL,DB,23.0,2022.0,0.0,0.0,0.0,1.0,1.0,4.0,0.0,0.0,0.0,0.0,0.0,0.0,0.0,0.0,0.0,0.0,0.0,4.0,,,ArmoJa00
Brian Asamoah,6-0,226.0,4.56,36.5,23.75,124.0,7.03,4.326666666666667,AsamBr00,3.0,66.0,MIN,LB,22.0,2022.0,0.0,0.0,0.0,1.0,1.0,16.0,0.0,0.0,0.0,0.0,0.0,0.0,0.0,0.0,0.0,0.0,0.0,11.0,,,AsamBr00
Calvin Austin,5-8,170.0,4.32,39.0,,135.0,6.65,4.07,AustCa00,4.0,138.0,PIT,WR,23.0,,0.0,0.0,0.0,,,,,,,,,,,,,,,,,,AustCa00
Tyler Badie,5-8,197.0,4.45,33.5,23.5,121.0,,,BadiTy00,6.0,196.0,BAL,RB,22.0,2022.0,0.0,0.0,0.0,0.0,,1.0,0.0,0.0,0.0,0.0,0.0,1.0,0.0,0.0,1.0,24.0,1.0,,,,BadiTy00
Kalon Barnes,6-0,183.0,4.23,37.5,17.0,121.0,,,BarnKa00,7.0,242.0,CAR,CB,23.0,2022.0,0.0,0.0,0.0,0.0,,2.0,0.0,0.0,0.0,0.0,0.0,0.0,0.0,0.0,0.0,0.0,0.0,,,,BarnKa00
Darrian Beavers,6-4,237.0,4.563529411764705,36.5,23.75,125.0,6.91,4.326666666666667,BeavDa00,6.0,182.0,NYG,LB,23.0,,0.0,0.0,0.0,,,,,,,,,,,,,,,,,,BeavDa00
David Bell,6-1,212.0,4.65,33.0,,118.0,7.14,4.57,BellDa02,3.0,99.0,CLE,WR,21.0,2022.0,0.0,0.0,0.0,2.0,2.0,16.0,0.0,0.0,0.0,0.0,0.0,0.0,0.0,0.0,24.0,214.0,0.0,1.0,,,BellDa02
Daniel Bellinger,6-5,253.0,4.63,34.5,22.0,125.0,7.05,4.47,BellDa00,4.0,112.0,NYG,TE,21.0,2022.0,0.0,0.0,1.0,3.0,3.0,12.0,0.0,0.0,0.0,0.0,0.0,1.0,2.0,1.0,30.0,268.0,2.0,,,,BellDa00
Dane Belton,6-1,205.0,4.43,36.5,16.666666666666668,123.0,7.01,4.24,BeltDa00,4.0,114.0,NYG,DB,21.0,2022.0,0.0,0.0,0.0,3.0,3.0,15.0,0.0,0.0,0.0,0.0,0.0,0.0,0.0,0.0,0.0,0.0,0.0,24.0,2.0,,BeltDa00
Terrel Bernard,6-1,224.0,4.563529411764705,35.5,22.0,123.0,7.03,4.25,BernTe00,3.0,89.0,BUF,LB,23.0,2022.0,0.0,0.0,0.0,2.0,2.0,16.0,0.0,0.0,0.0,0.0,0.0,0.0,0.0,0.0,0.0,0.0,0.0,11.0,,,BernTe00
Nik Bonitto,6-3,248.0,4.54,35.5,,120.0,7.07,4.23,BoniNi00,2.0,64.0,DEN,OLB,22.0,2022.0,0.0,0.0,0.0,2.0,2.0,15.0,0.0,0.0,0.0,0.0,0.0,0.0,0.0,0.0,0.0,0.0,0.0,6.0,,1.5,BoniNi00
Thomas Booker,6-3,301.0,4.94,34.34615384615385,22.0,110.0,7.33,4.41,BookTh00,5.0,150.0,HOU,DE,22.0,2022.0,0.0,0.0,0.0,1.0,1.0,10.0,0.0,0.0,0.0,0.0,0.0,0.0,0.0,0.0,0.0,0.0,0.0,11.0,,0.5,BookTh00
Andrew Booth,6-0,194.0,4.427272727272728,37.5,17.0,121.0,,,BootAn00,2.0,42.0,MIN,CB,21.0,2022.0,0.0,0.0,0.0,1.0,1.0,6.0,0.0,0.0,0.0,0.0,0.0,0.0,0.0,0.0,0.0,0.0,0.0,12.0,,,BootAn00
Jaquan Brisker,6-1,199.0,4.49,34.5,22.0,124.0,6.760000000000001,4.260000000000001,BrisJa01,2.0,48.0,CHI,S,23.0,2022.0,0.0,0.0,1.0,4.0,4.0,15.0,0.0,0.0,0.0,0.0,0.0,0.0,0.0,0.0,0.0,0.0,0.0,73.0,1.0,4.0,BrisJa01
Montaric Brown,6-0,196.0,4.55,36.55,16.666666666666668,127.44444444444444,6.686666666666667,4.08,BrowMo00,7.0,222.0,JAX,DB,23.0,2022.0,0.0,0.0,0.0,1.0,1.0,8.0,0.0,0.0,0.0,0.0,0.0,0.0,0.0,0.0,0.0,0.0,0.0,4.0,,,BrowMo00
Logan Bruss,6-5,309.0,5.32,31.0,26.3,112.0,7.57,4.55,BrusLo00,3.0,104.0,LAR,OL,22.0,,0.0,0.0,0.0,,,,,,,,,,,,,,,,,,BrusLo00
Coby Bryant,6-1,193.0,4.54,37.5,17.0,121.0,,,BryaCo01,4.0,109.0,SEA,CB,23.0,2022.0,0.0,0.0,0.0,2.0,2.0,17.0,0.0,0.0,0.0,0.0,0.0,0.0,0.0,0.0,0.0,0.0,0.0,52.0,,2.0,BryaCo01
Spencer Burford,6-4,304.0,5.19,27.5,26.3,105.0,7.6594999999999995,4.73,BurfSp00,4.0,134.0,SFO,OL,23.0,2022.0,0.0,0.0,1.0,7.0,7.0,16.0,0.0,0.0,0.0,0.0,0.0,0.0,0.0,0.0,0.0,0.0,0.0,1.0,,,BurfSp00
Treylon Burks,6-2,225.0,4.55,33.0,,122.0,7.28,4.308750000000001,BurkTr00,1.0,18.0,TEN,WR,22.0,2022.0,0.0,0.0,0.0,4.0,4.0,11.0,0.0,0.0,0.0,0.0,0.0,4.0,47.0,0.0,33.0,444.0,1.0,,,,BurkTr00
Matthew Butler,6-4,297.0,5.0,32.0,17.0,112.0,7.89,4.81,ButlMa02,5.0,175.0,LVR,DT,23.0,2022.0,0.0,0.0,0.0,0.0,0.0,6.0,0.0,0.0,0.0,0.0,0.0,0.0,0.0,0.0,0.0,0.0,0.0,1.0,,0.5,ButlMa02
Percy Butler,6-0,194.0,4.36,31.5,19.0,123.0,6.760000000000001,4.260000000000001,ButlPe00,4.0,113.0,WAS,S,22.0,2022.0,0.0,0.0,0.0,1.0,1.0,15.0,0.0,0.0,0.0,0.0,0.0,0.0,0.0,0.0,0.0,0.0,0.0,9.0,,,ButlPe00
Grant Calcaterra,6-4,241.0,4.62,33.0,20.0,120.4,7.047499999999999,4.46,CalcGr00,6.0,198.0,PHI,TE,23.0,2022.0,0.0,0.0,0.0,1.0,1.0,15.0,0.0,0.0,0.0,0.0,0.0,0.0,0.0,0.0,5.0,81.0,0.0,,,,CalcGr00
Jake Camarda,6-1,193.0,4.56,32.0,,121.0,,,CamaJa00,4.0,133.0,TAM,P,23.0,2022.0,0.0,0.0,1.0,4.0,4.0,17.0,0.0,0.0,0.0,0.0,0.0,0.0,0.0,0.0,0.0,0.0,0.0,5.0,,,CamaJa00
Chance Campbell,6-2,232.0,4.57,39.5,23.75,127.0,7.03,4.326666666666667,CampCh02,6.0,219.0,TEN,LB,22.0,,0.0,0.0,0.0,,,,,,,,,,,,,,,,,,CampCh02
Ja'Tyre Carter,6-3,311.0,5.13,30.0,26.3,108.0,7.84,4.9,CartJa04,7.0,226.0,CHI,OL,23.0,2022.0,0.0,0.0,0.0,0.0,0.0,3.0,0.0,0.0,0.0,0.0,0.0,0.0,0.0,0.0,0.0,0.0,0.0,,,,CartJa04
Zachary Carter,6-4,282.0,4.99,27.5,19.0,110.0,7.050000000000001,4.338,CartZa00,3.0,95.0,CIN,DE,23.0,2022.0,0.0,0.0,1.0,5.0,5.0,16.0,0.0,0.0,0.0,0.0,0.0,0.0,0.0,0.0,0.0,0.0,0.0,10.0,,0.5,CartZa00
Tariq Castro-Fields,6-1,197.0,4.38,37.5,17.0,121.0,,,CastTa00,6.0,221.0,SFO,CB,23.0,2022.0,0.0,0.0,0.0,0.0,,2.0,0.0,0.0,0.0,0.0,0.0,0.0,0.0,0.0,0.0,0.0,0.0,,,,CastTa00
Leo Chenal,6-3,250.0,4.53,40.5,23.75,128.0,7.03,4.326666666666667,ChenLe00,3.0,103.0,KAN,LB,21.0,2022.0,0.0,0.0,0.0,4.0,4.0,17.0,0.0,0.0,0.0,0.0,0.0,0.0,0.0,0.0,0.0,0.0,0.0,19.0,,1.0,ChenLe00
Lewis Cine,6-2,199.0,4.37,36.5,16.666666666666668,133.0,6.686666666666667,4.08,CineLe00,1.0,32.0,MIN,DB,22.0,2022.0,0.0,0.0,0.0,0.0,0.0,3.0,0.0,0.0,0.0,0.0,0.0,0.0,0.0,0.0,0.0,0.0,0.0,,,,CineLe00
Damone Clark,6-3,239.0,4.57,36.5,23.75,127.0,7.12,4.326666666666667,ClarDa02,5.0,176.0,DAL,LB,22.0,2022.0,0.0,0.0,0.0,3.0,3.0,10.0,0.0,0.0,0.0,0.0,0.0,0.0,0.0,0.0,0.0,0.0,0.0,29.0,,,ClarDa02
Micheal Clemons,6-5,263.0,5.008749999999999,27.875,24.0,116.0,7.876666666666666,4.704,ClemMi03,4.0,117.0,NYJ,DT,25.0,2022.0,0.0,0.0,0.0,1.0,1.0,16.0,0.0,0.0,0.0,0.0,0.0,0.0,0.0,0.0,0.0,0.0,0.0,22.0,,2.5,ClemMi03
Snoop Conner,5-10,222.0,4.59,29.5,25.0,118.0,,,ConnSn00,5.0,154.0,JAX,RB,22.0,2022.0,0.0,0.0,0.0,0.0,0.0,8.0,0.0,0.0,0.0,0.0,0.0,12.0,42.0,1.0,0.0,0.0,0.0,1.0,,,ConnSn00
Bryan Cook,6-1,206.0,4.4383333333333335,35.666666666666664,19.0,125.16666666666667,6.760000000000001,4.260000000000001,CookBr02,2.0,62.0,KAN,S,23.0,2022.0,0.0,0.0,0.0,1.0,1.0,16.0,0.0,0.0,0.0,0.0,0.0,0.0,0.0,0.0,0.0,0.0,0.0,22.0,,1.0,CookBr02
James Cook,5-11,199.0,4.42,33.0,23.5,124.0,,,CookJa01,2.0,63.0,BUF,RB,22.0,2022.0,0.0,0.0,0.0,5.0,5.0,16.0,0.0,0.0,0.0,0.0,0.0,89.0,507.0,2.0,21.0,180.0,1.0,1.0,,,CookJa01
Matt Corral,6-2,212.0,4.776,31.5,,117.25,7.1375,4.3420000000000005,CorrMa00,3.0,94.0,CAR,QB,23.0,,0.0,0.0,0.0,,,,,,,,,,,,,,,,,,CorrMa00
Charles Cross,6-5,307.0,4.95,26.0,26.3,112.0,7.88,4.61,CrosCh00,1.0,9.0,SEA,OL,21.0,2022.0,0.0,0.0,1.0,9.0,9.0,17.0,0.0,0.0,0.0,0.0,0.0,0.0,0.0,0.0,0.0,0.0,0.0,,,,CrosCh00
Nick Cross,6-0,212.0,4.34,37.0,16.666666666666668,130.0,6.686666666666667,4.08,CrosNi00,3.0,96.0,IND,DB,20.0,2022.0,0.0,0.0,0.0,2.0,2.0,16.0,0.0,0.0,0.0,0.0,0.0,0.0,0.0,0.0,0.0,0.0,0.0,11.0,,,CrosNi00
Jordan Davis,6-6,341.0,4.78,32.0,23.333333333333332,123.0,7.876666666666666,4.704,DaviJo03,1.0,13.0,PHI,DT,22.0,2022.0,0.0,0.0,0.0,3.0,3.0,13.0,0.0,0.0,0.0,0.0,0.0,0.0,0.0,0.0,0.0,0.0,0.0,8.0,,,DaviJo03
Kalia Davis,6-1,302.0,5.008749999999999,27.875,23.333333333333332,110.0,7.876666666666666,4.704,DaviKa01,6.0,220.0,SFO,DT,23.0,,0.0,0.0,0.0,,,,,,,,,,,,,,,,,,DaviKa01
Tyrion Davis-Price,6-0,211.0,4.48,30.0,23.5,117.0,,,DaviTy03,3.0,93.0,SFO,RB,21.0,2022.0,0.0,0.0,0.0,1.0,1.0,6.0,0.0,0.0,0.0,0.0,0.0,34.0,99.0,0.0,0.0,0.0,0.0,,,,DaviTy03
Nakobe Dean,5-11,229.0,4.563529411764705,36.578947368421055,23.75,125.05263157894737,7.03,4.326666666666667,DeanNa00,3.0,83.0,PHI,LB,21.0,2022.0,0.0,0.0,0.0,1.0,1.0,17.0,0.0,0.0,0.0,0.0,0.0,0.0,0.0,0.0,0.0,0.0,0.0,9.0,,,DeanNa00
Dawson Deaton,6-6,306.0,5.12,29.0,24.0,108.0,7.52,4.49,DeatDa00,7.0,246.0,CLE,OL,23.0,,0.0,0.0,0.0,,,,,,,,,,,,,,,,,,DeatDa00
Austin Deculus,6-5,321.0,5.08,28.5,24.5,109.0,7.9159999999999995,4.99,DecuAu00,6.0,205.0,HOU,T,23.0,2022.0,0.0,0.0,0.0,0.0,0.0,5.0,0.0,0.0,0.0,0.0,0.0,0.0,0.0,0.0,0.0,0.0,0.0,,,,DecuAu00
Jahan Dotson,5-11,178.0,4.43,36.0,,121.0,7.28,4.308750000000001,DotsJa00,1.0,16.0,WAS,WR,22.0,2022.0,0.0,0.0,1.0,4.0,4.0,12.0,0.0,0.0,0.0,0.0,0.0,2.0,-7.0,0.0,35.0,523.0,7.0,2.0,,,DotsJa00
Romeo Doubs,6-2,201.0,4.431111111111111,35.63157894736842,,125.15789473684211,7.098000000000001,4.308750000000001,DoubRo00,4.0,132.0,GNB,WR,22.0,2022.0,0.0,0.0,0.0,4.0,4.0,13.0,0.0,0.0,0.0,0.0,0.0,1.0,11.0,0.0,42.0,425.0,3.0,,,,DoubRo00
Greg Dulcich,6-4,243.0,4.69,34.0,16.0,122.0,7.05,4.37,DulcGr00,3.0,80.0,DEN,TE,22.0,2022.0,0.0,0.0,0.0,3.0,3.0,10.0,0.0,0.0,0.0,0.0,0.0,0.0,0.0,0.0,33.0,411.0,2.0,,,,DulcGr00
Cobie Durant,5-10,180.0,4.38,36.55,16.666666666666668,127.44444444444444,6.686666666666667,4.08,DuraDe01,4.0,142.0,LAR,DB,24.0,2022.0,0.0,0.0,0.0,2.0,2.0,13.0,0.0,0.0,0.0,0.0,0.0,0.0,0.0,0.0,0.0,0.0,0.0,15.0,3.0,1.0,DuraDe01
Arnold Ebiketie,6-2,250.0,4.726923076923077,38.0,21.0,128.0,7.050000000000001,4.338,EbikAr00,2.0,38.0,ATL,DE,23.0,2022.0,0.0,0.0,0.0,2.0,2.0,16.0,0.0,0.0,0.0,0.0,0.0,0.0,0.0,0.0,0.0,0.0,0.0,21.0,,2.5,EbikAr00
Trestan Ebner,5-11,206.0,4.43,30.0,23.5,121.0,,,EbneTr00,6.0,203.0,CHI,RB,23.0,2022.0,0.0,0.0,0.0,0.0,0.0,17.0,0.0,0.0,0.0,0.0,0.0,24.0,54.0,0.0,2.0,8.0,0.0,3.0,,,EbneTr00
Ikem Ekwonu,6-4,310.0,4.93,29.0,24.5,108.0,7.82,4.73,EkwoIk00,1.0,6.0,CAR,T,21.0,2022.0,0.0,0.0,1.0,7.0,7.0,17.0,0.0,0.0,0.0,0.0,0.0,0.0,0.0,0.0,0.0,0.0,0.0,,,,EkwoIk00
Kaiir Elam,6-2,191.0,4.39,37.5,17.0,121.0,,,ElamKa00,1.0,23.0,BUF,CB,21.0,2022.0,0.0,0.0,0.0,3.0,3.0,13.0,0.0,0.0,0.0,0.0,0.0,0.0,0.0,0.0,0.0,0.0,0.0,29.0,2.0,,ElamKa00
Martin Emerson,6-2,201.0,4.53,37.5,17.0,121.0,,,EmerMa00,3.0,68.0,CLE,CB,21.0,2022.0,0.0,0.0,0.0,2.0,2.0,17.0,0.0,0.0,0.0,0.0,0.0,0.0,0.0,0.0,0.0,0.0,0.0,51.0,,1.0,EmerMa00
Kingsley Enagbare,6-4,258.0,4.87,36.5,22.0,117.0,7.050000000000001,4.338,EnagKi00,5.0,179.0,GNB,DE,22.0,2022.0,0.0,0.0,0.0,4.0,4.0,17.0,0.0,0.0,0.0,0.0,0.0,0.0,0.0,0.0,0.0,0.0,0.0,18.0,,3.0,EnagKi00
Akayleb Evans,6-2,197.0,4.46,36.0,16.666666666666668,129.0,6.686666666666667,4.08,EvanAk00,4.0,118.0,MIN,DB,23.0,2022.0,0.0,0.0,0.0,1.0,1.0,10.0,0.0,0.0,0.0,0.0,0.0,0.0,0.0,0.0,0.0,0.0,0.0,19.0,,,EvanAk00
Joshua Ezeudu,6-4,308.0,5.19,28.5,26.3,105.0,7.83,4.56,EzeuJo00,3.0,67.0,NYG,OL,22.0,2022.0,0.0,0.0,0.0,1.0,1.0,10.0,0.0,0.0,0.0,0.0,0.0,0.0,0.0,0.0,0.0,0.0,0.0,,,,EzeuJo00
Erik Ezukanma,6-2,209.0,4.431111111111111,36.5,,126.0,7.098000000000001,4.38,EzukEr00,4.0,125.0,MIA,WR,22.0,2022.0,0.0,0.0,0.0,0.0,0.0,1.0,0.0,0.0,0.0,0.0,0.0,0.0,0.0,0.0,1.0,3.0,0.0,,,,EzukEr00
Daniel Faalele,6-8,384.0,5.134285714285714,26.428571428571427,24.0,105.71428571428571,7.9159999999999995,4.8133333333333335,FaalDa00,4.0,110.0,BAL,T,22.0,2022.0,0.0,0.0,0.0,2.0,2.0,16.0,0.0,0.0,0.0,0.0,0.0,0.0,0.0,0.0,0.0,0.0,0.0,,,,FaalDa00
Neil Farrell,6-4,330.0,5.41,21.5,23.333333333333332,110.0,8.41,4.704,FarrNe00,4.0,126.0,LVR,DT,23.0,2022.0,0.0,0.0,0.0,1.0,1.0,9.0,0.0,0.0,0.0,0.0,0.0,0.0,0.0,0.0,0.0,0.0,0.0,3.0,,,FarrNe00
Jake Ferguson,6-5,250.0,4.81,31.5,15.0,118.0,7.03,4.48,FergJa00,4.0,129.0,DAL,TE,23.0,2022.0,0.0,0.0,0.0,2.0,2.0,16.0,0.0,0.0,0.0,0.0,0.0,0.0,0.0,0.0,19.0,174.0,2.0,1.0,,,FergJa00
Cordale Flott,6-1,175.0,4.427272727272728,37.5,17.0,121.0,,,FlotCo00,3.0,81.0,NYG,CB,21.0,2022.0,0.0,0.0,0.0,2.0,2.0,11.0,0.0,0.0,0.0,0.0,0.0,0.0,0.0,0.0,0.0,0.0,0.0,15.0,,,FlotCo00
Jerome Ford,5-11,210.0,4.46,31.0,23.5,118.0,,,FordJe00,5.0,156.0,CLE,RB,22.0,2022.0,0.0,0.0,0.0,0.0,0.0,13.0,0.0,0.0,0.0,0.0,0.0,8.0,12.0,0.0,0.0,0.0,0.0,1.0,,,FordJe00
Jonathan Ford,6-5,333.0,5.008749999999999,29.0,23.333333333333332,102.0,7.876666666666666,4.704,FordJo00,7.0,234.0,GNB,DT,23.0,,0.0,0.0,0.0,,,,,,,,,,,,,,,,,,FordJo00
Luke Fortner,6-4,307.0,5.21,24.0,32.0,102.0,7.75,4.95,FortLu01,3.0,65.0,JAX,G,24.0,2022.0,0.0,0.0,1.0,8.0,8.0,17.0,0.0,0.0,0.0,0.0,0.0,0.0,0.0,0.0,0.0,0.0,0.0,,,,FortLu01
Trenton Gill,6-4,220.0,4.63,32.0,,121.0,,,GillTr01,7.0,255.0,CHI,P,23.0,2022.0,0.0,0.0,1.0,2.0,2.0,17.0,0.0,0.0,0.0,0.0,0.0,0.0,0.0,0.0,0.0,0.0,0.0,,,,GillTr01
Luke Goedeke,6-5,312.0,5.136666666666667,27.59259259259259,26.0,107.78571428571429,7.6594999999999995,4.699583333333333,GoedLu00,2.0,57.0,TAM,OL,23.0,2022.0,0.0,0.0,0.0,3.0,3.0,11.0,0.0,0.0,0.0,0.0,0.0,0.0,0.0,0.0,0.0,0.0,0.0,1.0,,,GoedLu00
Kyler Gordon,6-0,194.0,4.52,37.5,17.0,121.0,,,GordKy00,2.0,39.0,CHI,CB,22.0,2022.0,0.0,0.0,1.0,4.0,4.0,14.0,0.0,0.0,0.0,0.0,0.0,0.0,0.0,0.0,0.0,0.0,0.0,55.0,3.0,,GordKy00
Danny Gray,6-0,186.0,4.33,34.0,,126.0,7.098000000000001,4.308750000000001,GrayDa02,3.0,105.0,SFO,WR,23.0,2022.0,0.0,0.0,0.0,0.0,0.0,13.0,0.0,0.0,0.0,0.0,0.0,1.0,9.0,0.0,1.0,10.0,0.0,,,,GrayDa02
Kenyon Green,6-4,323.0,5.24,26.0,20.0,102.0,7.6594999999999995,5.12,GreeKe03,1.0,15.0,HOU,OL,21.0,2022.0,0.0,0.0,1.0,5.0,5.0,15.0,0.0,0.0,0.0,0.0,0.0,0.0,0.0,0.0,0.0,0.0,0.0,,,,GreeKe03
Breece Hall,5-11,217.0,4.39,40.0,23.5,126.0,,,HallBr03,2.0,36.0,NYJ,RB,21.0,2022.0,0.0,0.0,0.0,4.0,4.0,7.0,0.0,0.0,0.0,0.0,0.0,80.0,463.0,4.0,19.0,218.0,1.0,1.0,,,HallBr03
Logan Hall,6-6,283.0,4.88,30.0,22.0,118.07692307692308,7.25,4.44,HallLo00,2.0,33.0,TAM,DE,22.0,2022.0,0.0,0.0,0.0,2.0,2.0,17.0,0.0,0.0,0.0,0.0,0.0,0.0,0.0,0.0,0.0,0.0,0.0,7.0,,2.5,HallLo00
Kyle Hamilton,6-4,220.0,4.59,38.0,19.0,131.0,6.9,4.32,HamiKy00,1.0,14.0,BAL,S,21.0,2022.0,0.0,0.0,0.0,2.0,2.0,16.0,0.0,0.0,0.0,0.0,0.0,0.0,0.0,0.0,0.0,0.0,0.0,46.0,,2.0,HamiKy00
Christian Harris,6-1,226.0,4.44,34.5,23.75,132.0,7.03,4.326666666666667,HarrCh06,3.0,75.0,HOU,LB,21.0,2022.0,0.0,0.0,1.0,6.0,6.0,12.0,0.0,0.0,0.0,0.0,0.0,0.0,0.0,0.0,0.0,0.0,0.0,46.0,1.0,1.0,HarrCh06
Kevin Harris,5-10,221.0,4.480666666666667,38.5,21.0,126.0,,,HarrKe01,6.0,183.0,NWE,RB,21.0,2022.0,0.0,0.0,0.0,0.0,0.0,5.0,0.0,0.0,0.0,0.0,0.0,18.0,52.0,1.0,0.0,0.0,0.0,,,,HarrKe01
Hassan Haskins,6-2,228.0,4.480666666666667,33.529411764705884,27.0,121.0,,,HaskHa00,4.0,131.0,TEN,RB,22.0,2022.0,0.0,0.0,0.0,1.0,1.0,15.0,0.0,0.0,0.0,0.0,0.0,25.0,93.0,0.0,11.0,57.0,0.0,9.0,,,HaskHa00
Marquis Hayes,6-5,318.0,5.3,23.5,26.3,102.0,7.6594999999999995,4.699583333333333,HayeMa00,7.0,257.0,ARI,OL,23.0,,0.0,0.0,0.0,,,,,,,,,,,,,,,,,,HayeMa00
Connor Heyward,5-11,233.0,4.72,32.5,19.22222222222222,120.4,7.047499999999999,4.46,HeywCo00,6.0,208.0,PIT,TE,23.0,2022.0,0.0,0.0,0.0,1.0,1.0,17.0,0.0,0.0,0.0,0.0,0.0,2.0,27.0,0.0,12.0,151.0,1.0,3.0,,,HeywCo00
Daxton Hill,6-0,191.0,4.38,33.5,16.666666666666668,121.0,6.57,4.06,HillDa04,1.0,31.0,CIN,DB,21.0,2022.0,0.0,0.0,0.0,2.0,2.0,15.0,0.0,0.0,0.0,0.0,0.0,0.0,0.0,0.0,0.0,0.0,0.0,11.0,,,HillDa04
Chasen Hines,6-3,327.0,5.22,30.5,32.0,108.0,7.646666666666666,4.723333333333334,HineCh00,6.0,210.0,NWE,G,22.0,,0.0,0.0,0.0,,,,,,,,,,,,,,,,,,HineCh00
Sam Howell,6-1,218.0,4.776,31.5,,117.25,7.1375,4.3420000000000005,HoweSa00,5.0,144.0,WAS,QB,21.0,2022.0,0.0,0.0,0.0,1.0,1.0,1.0,11.0,19.0,169.0,1.0,1.0,5.0,35.0,1.0,0.0,0.0,0.0,,,,HoweSa00
Aidan Hutchinson,6-7,260.0,4.74,36.0,22.0,117.0,6.73,4.15,HutcAi00,1.0,2.0,DET,DE,22.0,2022.0,0.0,0.0,1.0,8.0,8.0,17.0,0.0,0.0,0.0,0.0,0.0,0.0,0.0,0.0,0.0,0.0,0.0,34.0,3.0,9.5,HutcAi00
Jermaine Johnson II,6-5,254.0,4.58,32.0,23.75,125.0,7.03,4.326666666666667,JohnJe07,1.0,26.0,NYJ,LB,23.0,2022.0,0.0,0.0,0.0,1.0,1.0,14.0,0.0,0.0,0.0,0.0,0.0,0.0,0.0,0.0,0.0,0.0,0.0,18.0,,2.5,JohnJe07
Ed Ingram,6-3,307.0,5.02,20.5,32.0,102.0,7.81,4.76,IngrEd00,2.0,59.0,MIN,G,23.0,2022.0,0.0,0.0,1.0,7.0,7.0,17.0,0.0,0.0,0.0,0.0,0.0,0.0,0.0,0.0,0.0,0.0,0.0,1.0,,,IngrEd00
Keaontay Ingram,6-0,221.0,4.53,34.5,23.5,122.0,,,IngrKe01,6.0,201.0,ARI,RB,22.0,2022.0,0.0,0.0,0.0,1.0,1.0,12.0,0.0,0.0,0.0,0.0,0.0,27.0,60.0,1.0,4.0,21.0,0.0,1.0,,,IngrKe01
D'Marco Jackson,6-1,233.0,4.55,33.0,23.75,125.0,7.03,4.326666666666667,JackDM00,5.0,161.0,NOR,LB,24.0,,0.0,0.0,0.0,,,,,,,,,,,,,,,,,,JackDM00
Drake Jackson,6-3,254.0,4.54,36.5,,127.0,7.07,4.23,JackDr01,2.0,61.0,SFO,OLB,21.0,2022.0,0.0,0.0,0.0,2.0,2.0,15.0,0.0,0.0,0.0,0.0,0.0,0.0,0.0,0.0,0.0,0.0,0.0,8.0,1.0,3.0,JackDr01
Jordan Jackson,6-5,294.0,5.008749999999999,27.875,23.333333333333332,110.0,7.876666666666666,4.704,JackJo06,6.0,194.0,NOR,DT,24.0,,0.0,0.0,0.0,,,,,,,,,,,,,,,,,,JackJo06
Zion Johnson,6-3,312.0,5.18,32.0,32.0,112.0,7.38,4.46,JohnZi00,1.0,17.0,LAC,G,22.0,2022.0,0.0,0.0,1.0,8.0,8.0,17.0,0.0,0.0,0.0,0.0,0.0,0.0,0.0,0.0,0.0,0.0,0.0,,,,JohnZi00
Braxton Jones,6-5,310.0,4.97,25.5,26.3,108.0,7.6594999999999995,4.84,JoneBr08,5.0,168.0,CHI,OL,23.0,2022.0,0.0,0.0,1.0,8.0,8.0,17.0,0.0,0.0,0.0,0.0,0.0,0.0,0.0,0.0,0.0,0.0,0.0,1.0,,,JoneBr08
Jack Jones,5-11,171.0,4.51,36.55,16.666666666666668,127.44444444444444,6.686666666666667,4.08,JoneJa10,4.0,121.0,NWE,DB,24.0,2022.0,0.0,0.0,0.0,2.0,2.0,13.0,0.0,0.0,0.0,0.0,0.0,0.0,0.0,0.0,0.0,0.0,0.0,25.0,2.0,,JoneJa10
Marcus Jones,5-8,174.0,4.427272727272728,37.5,17.0,121.0,,,JoneMa06,3.0,85.0,NWE,CB,23.0,2022.0,1.0,0.0,0.0,10.0,10.0,15.0,0.0,0.0,0.0,0.0,0.0,0.0,0.0,0.0,4.0,78.0,1.0,34.0,2.0,,JoneMa06
Travis Jones,6-4,325.0,4.92,28.5,23.333333333333332,110.0,7.33,4.58,JoneTr00,3.0,76.0,BAL,DT,22.0,2022.0,0.0,0.0,0.0,2.0,2.0,15.0,0.0,0.0,0.0,0.0,0.0,0.0,0.0,0.0,0.0,0.0,0.0,14.0,,1.0,JoneTr00
Kerby Joseph,6-1,203.0,4.431333333333334,38.5,18.0,123.0,6.686666666666667,4.08,JoseKe03,3.0,97.0,DET,DB,21.0,2022.0,0.0,0.0,1.0,5.0,5.0,17.0,0.0,0.0,0.0,0.0,0.0,0.0,0.0,0.0,0.0,0.0,0.0,55.0,4.0,,JoseKe03
Derion Kendrick,6-0,194.0,4.431333333333334,36.55,16.666666666666668,127.44444444444444,6.686666666666667,4.08,KendDe00,6.0,212.0,LAR,DB,22.0,2022.0,0.0,0.0,0.0,2.0,2.0,15.0,0.0,0.0,0.0,0.0,0.0,0.0,0.0,0.0,0.0,0.0,0.0,36.0,,,KendDe00
Darian Kinnard,6-5,322.0,5.31,25.0,24.5,99.0,8.11,4.96,KinnDa00,5.0,145.0,KAN,T,22.0,2022.0,0.0,0.0,0.0,0.0,0.0,1.0,0.0,0.0,0.0,0.0,0.0,0.0,0.0,0.0,0.0,0.0,0.0,,,,KinnDa00
Charlie Kolar,6-7,252.0,4.67,33.0,19.22222222222222,120.4,7.047499999999999,4.46,KolaCh00,4.0,128.0,BAL,TE,23.0,2022.0,0.0,0.0,0.0,0.0,0.0,2.0,0.0,0.0,0.0,0.0,0.0,0.0,0.0,0.0,4.0,49.0,0.0,,,,KolaCh00
Quentin Lake,6-1,201.0,4.59,36.55,16.666666666666668,127.44444444444444,6.686666666666667,4.08,LakeQu00,6.0,211.0,LAR,DB,23.0,2022.0,0.0,0.0,0.0,0.0,0.0,9.0,0.0,0.0,0.0,0.0,0.0,0.0,0.0,0.0,0.0,0.0,0.0,8.0,,1.0,LakeQu00
DeMarvin Leal,6-4,283.0,5.0,27.5,23.333333333333332,106.0,7.876666666666666,4.49,LealDe00,3.0,84.0,PIT,DT,22.0,2022.0,0.0,0.0,0.0,2.0,2.0,11.0,0.0,0.0,0.0,0.0,0.0,0.0,0.0,0.0,0.0,0.0,0.0,8.0,,,LealDe00
Isaiah Likely,6-5,245.0,4.67,36.0,19.22222222222222,120.4,7.047499999999999,4.57,LikeIs00,4.0,139.0,BAL,TE,22.0,2022.0,0.0,0.0,0.0,4.0,4.0,16.0,0.0,0.0,0.0,0.0,0.0,0.0,0.0,0.0,36.0,373.0,3.0,1.0,,,LikeIs00
Tyler Linderbaum,6-2,296.0,5.136666666666667,27.59259259259259,26.3,107.78571428571429,7.6594999999999995,4.699583333333333,LindTy00,1.0,25.0,BAL,OL,22.0,2022.0,0.0,0.0,1.0,7.0,7.0,17.0,0.0,0.0,0.0,0.0,0.0,0.0,0.0,0.0,0.0,0.0,0.0,,,,LindTy00
Devin Lloyd,6-3,237.0,4.66,35.0,25.0,126.0,7.03,4.326666666666667,LloyDe00,1.0,27.0,JAX,LB,23.0,2022.0,0.0,0.0,1.0,8.0,8.0,17.0,0.0,0.0,0.0,0.0,0.0,0.0,0.0,0.0,0.0,0.0,0.0,59.0,3.0,,LloyDe00
Drake London,6-4,219.0,4.431111111111111,35.63157894736842,,125.15789473684211,7.098000000000001,4.308750000000001,LondDr00,1.0,8.0,ATL,WR,21.0,2022.0,0.0,0.0,1.0,9.0,9.0,17.0,0.0,0.0,0.0,0.0,0.0,0.0,0.0,0.0,72.0,866.0,4.0,2.0,,,LondDr00
Vederian Lowe,6-5,314.0,5.22,25.5,26.3,99.0,7.83,4.71,LoweVe00,6.0,184.0,MIN,OL,23.0,2022.0,0.0,0.0,0.0,0.0,0.0,4.0,0.0,0.0,0.0,0.0,0.0,0.0,0.0,0.0,0.0,0.0,0.0,,,,LoweVe00
Abraham Lucas,6-6,315.0,4.92,27.0,24.0,107.0,7.25,4.4,LucaAb00,3.0,72.0,SEA,OL,23.0,2022.0,0.0,0.0,1.0,9.0,9.0,16.0,0.0,0.0,0.0,0.0,0.0,0.0,0.0,0.0,0.0,0.0,0.0,1.0,,,LucaAb00
Chase Lucas,5-11,180.0,4.48,39.0,16.666666666666668,128.0,6.686666666666667,4.08,LucaCh01,7.0,237.0,DET,DB,25.0,2022.0,0.0,0.0,0.0,0.0,0.0,6.0,0.0,0.0,0.0,0.0,0.0,0.0,0.0,0.0,0.0,0.0,0.0,1.0,,,LucaCh01
Jesse Luketa,6-3,253.0,4.89,37.5,23.75,114.0,7.03,4.326666666666667,LukeJe00,7.0,256.0,ARI,LB,23.0,2022.0,0.0,0.0,0.0,0.0,0.0,7.0,0.0,0.0,0.0,0.0,0.0,0.0,0.0,0.0,0.0,0.0,0.0,3.0,,,LukeJe00
Boye Mafe,6-4,261.0,4.53,38.0,22.0,125.0,7.050000000000001,4.338,MafeBo00,2.0,40.0,SEA,DE,23.0,2022.0,0.0,0.0,0.0,2.0,2.0,17.0,0.0,0.0,0.0,0.0,0.0,0.0,0.0,0.0,0.0,0.0,0.0,28.0,,3.0,MafeBo00
DeAngelo Malone,6-3,243.0,4.726923076923077,34.34615384615385,23.0,118.07692307692308,7.050000000000001,4.338,MaloDe00,3.0,82.0,ATL,DE,23.0,2022.0,0.0,0.0,0.0,1.0,1.0,15.0,0.0,0.0,0.0,0.0,0.0,0.0,0.0,0.0,0.0,0.0,0.0,18.0,,1.0,MaloDe00
Damarri Mathis,5-11,196.0,4.39,36.55,16.666666666666668,127.44444444444444,6.686666666666667,4.08,MathDa00,4.0,115.0,DEN,DB,23.0,2022.0,0.0,0.0,1.0,4.0,4.0,16.0,0.0,0.0,0.0,0.0,0.0,0.0,0.0,0.0,0.0,0.0,0.0,54.0,,,MathDa00
Phidarian Mathis,6-4,310.0,5.008749999999999,23.5,23.333333333333332,109.0,7.876666666666666,4.91,MathPh00,2.0,47.0,WAS,DT,24.0,2022.0,0.0,0.0,0.0,0.0,0.0,1.0,0.0,0.0,0.0,0.0,0.0,0.0,0.0,0.0,0.0,0.0,0.0,,,,MathPh00
Cade Mays,6-5,311.0,5.24,26.0,26.3,102.0,7.57,4.71,MaysCa00,6.0,199.0,CAR,OL,23.0,2022.0,0.0,0.0,0.0,1.0,1.0,11.0,0.0,0.0,0.0,0.0,0.0,0.0,0.0,0.0,0.0,0.0,0.0,,,,MaysCa00
Trey McBride,6-4,246.0,4.67,33.0,18.0,117.0,7.047499999999999,4.46,McBrTr01,2.0,55.0,ARI,TE,22.0,2022.0,0.0,0.0,1.0,2.0,2.0,16.0,0.0,0.0,0.0,0.0,0.0,0.0,0.0,0.0,29.0,265.0,1.0,6.0,,,McBrTr01
Zyon McCollum,6-2,199.0,4.33,39.5,16.666666666666668,132.0,6.48,3.94,McCoZy02,5.0,157.0,TAM,DB,23.0,2022.0,0.0,0.0,0.0,2.0,2.0,13.0,0.0,0.0,0.0,0.0,0.0,0.0,0.0,0.0,0.0,0.0,0.0,18.0,,,McCoZy02
Roger McCreary,5-11,190.0,4.5,37.5,17.0,121.0,,,McCrRo01,2.0,35.0,TEN,CB,22.0,2022.0,0.0,0.0,1.0,6.0,6.0,17.0,0.0,0.0,0.0,0.0,0.0,0.0,0.0,0.0,0.0,0.0,0.0,70.0,1.0,,McCrRo01
Trent McDuffie,5-11,193.0,4.44,37.5,17.0,121.0,,,McDuTr00,1.0,21.0,KAN,CB,21.0,2022.0,0.0,0.0,1.0,3.0,3.0,11.0,0.0,0.0,0.0,0.0,0.0,0.0,0.0,0.0,0.0,0.0,0.0,28.0,,1.0,McDuTr00
Micah McFadden,6-1,240.0,4.563529411764705,36.578947368421055,21.0,125.05263157894737,7.03,4.326666666666667,McFaMi01,5.0,146.0,NYG,LB,22.0,2022.0,0.0,0.0,0.0,4.0,4.0,17.0,0.0,0.0,0.0,0.0,0.0,0.0,0.0,0.0,0.0,0.0,0.0,36.0,,2.0,McFaMi01
Marcus McKethan,6-7,340.0,5.31,27.5,27.0,110.0,7.81,4.99,McKeMa01,5.0,173.0,NYG,OL,23.0,,0.0,0.0,0.0,,,,,,,,,,,,,,,,,,McKeMa01
Bo Melton,5-11,189.0,4.34,38.0,,121.0,6.98,4.308750000000001,MeltBo00,7.0,229.0,SEA,WR,23.0,,0.0,0.0,0.0,,,,,,,,,,,,,,,,,,MeltBo00
John Metchie,5-11,187.0,4.431111111111111,35.63157894736842,,125.15789473684211,7.098000000000001,4.308750000000001,MetcJo00,2.0,44.0,HOU,WR,22.0,,0.0,0.0,0.0,,,,,,,,,,,,,,,,,,MetcJo00
James Mitchell,6-4,249.0,4.67,33.0,19.22222222222222,120.4,7.047499999999999,4.46,MitcJa00,5.0,177.0,DET,TE,23.0,2022.0,0.0,0.0,0.0,1.0,1.0,14.0,0.0,0.0,0.0,0.0,0.0,0.0,0.0,0.0,11.0,113.0,1.0,,,,MitcJa00
Max Mitchell,6-6,307.0,5.32,25.0,24.5,106.0,8.09,4.65,MitcMa02,4.0,111.0,NYJ,T,22.0,2022.0,0.0,0.0,0.0,2.0,2.0,6.0,0.0,0.0,0.0,0.0,0.0,0.0,0.0,0.0,0.0,0.0,0.0,,,,MitcMa02
Skyy Moore,5-10,195.0,4.41,34.5,,125.0,7.13,4.32,MoorSk01,2.0,54.0,KAN,WR,21.0,2022.0,0.0,0.0,0.0,2.0,2.0,16.0,0.0,0.0,0.0,0.0,0.0,3.0,24.0,0.0,22.0,250.0,0.0,1.0,,,MoorSk01
Chad Muma,6-3,239.0,4.63,40.0,27.0,129.0,7.06,4.28,MumaCh00,3.0,70.0,JAX,LB,23.0,2022.0,0.0,0.0,0.0,2.0,2.0,16.0,0.0,0.0,0.0,0.0,0.0,0.0,0.0,0.0,0.0,0.0,0.0,28.0,,1.5,MumaCh00
Thayer Munford,6-6,328.0,5.39,22.0,26.3,104.0,7.6594999999999995,4.699583333333333,MunfTh00,7.0,238.0,LVR,OL,22.0,2022.0,0.0,0.0,0.0,3.0,3.0,17.0,0.0,0.0,0.0,0.0,0.0,0.0,0.0,0.0,0.0,0.0,0.0,,,,MunfTh00
Jalen Nailor,5-11,186.0,4.5,38.0,,128.0,7.03,4.28,NailJa00,6.0,191.0,MIN,WR,23.0,2022.0,0.0,0.0,0.0,1.0,1.0,15.0,0.0,0.0,0.0,0.0,0.0,0.0,0.0,0.0,9.0,179.0,1.0,3.0,,,NailJa00
Evan Neal,6-8,337.0,5.136666666666667,27.59259259259259,26.3,107.78571428571429,7.6594999999999995,4.699583333333333,NealEv00,1.0,7.0,NYG,OL,21.0,2022.0,0.0,0.0,1.0,6.0,6.0,13.0,0.0,0.0,0.0,0.0,0.0,0.0,0.0,0.0,0.0,0.0,0.0,1.0,,,NealEv00
Otito Ogbonnia,6-4,324.0,5.008749999999999,27.875,29.0,110.0,7.876666666666666,4.704,OgboOt00,5.0,160.0,LAC,DT,20.0,2022.0,0.0,0.0,0.0,1.0,1.0,7.0,0.0,0.0,0.0,0.0,0.0,0.0,0.0,0.0,0.0,0.0,0.0,13.0,,,OgboOt00
David Ojabo,6-4,250.0,4.55,35.0,23.75,122.0,7.03,4.45,OjabDa00,2.0,45.0,BAL,LB,22.0,2022.0,0.0,0.0,0.0,0.0,0.0,2.0,0.0,0.0,0.0,0.0,0.0,0.0,0.0,0.0,0.0,0.0,0.0,1.0,,1.0,OjabDa00
Chigoziem Okonkwo,6-3,238.0,4.52,35.5,19.22222222222222,120.4,7.047499999999999,4.46,OkonCh00,4.0,143.0,TEN,TE,22.0,2022.0,0.0,0.0,0.0,4.0,4.0,17.0,0.0,0.0,0.0,0.0,0.0,3.0,2.0,0.0,32.0,450.0,3.0,5.0,,,OkonCh00
Chris Olave,6-0,187.0,4.39,32.0,,124.0,7.098000000000001,4.308750000000001,OlavCh00,1.0,11.0,NOR,WR,22.0,2022.0,0.0,0.0,1.0,8.0,8.0,15.0,0.0,0.0,0.0,0.0,0.0,0.0,0.0,0.0,72.0,1042.0,4.0,3.0,,,OlavCh00
Esezi Otomewo,6-5,282.0,5.008749999999999,27.875,23.333333333333332,110.0,7.876666666666666,4.704,OtomEs00,5.0,165.0,MIN,DT,23.0,2022.0,0.0,0.0,0.0,0.0,0.0,5.0,0.0,0.0,0.0,0.0,0.0,0.0,0.0,0.0,0.0,0.0,0.0,3.0,,,OtomEs00
Cade Otton,6-5,247.0,4.67,33.0,19.22222222222222,120.4,7.047499999999999,4.46,OttoCa00,4.0,106.0,TAM,TE,23.0,2022.0,0.0,0.0,1.0,3.0,3.0,16.0,0.0,0.0,0.0,0.0,0.0,0.0,0.0,0.0,42.0,391.0,2.0,5.0,,,OttoCa00
Isiah Pacheco,5-10,216.0,4.37,33.0,23.5,118.0,,,PachIs00,7.0,251.0,KAN,RB,23.0,2022.0,0.0,0.0,1.0,7.0,7.0,17.0,0.0,0.0,0.0,0.0,0.0,170.0,830.0,5.0,13.0,130.0,0.0,2.0,,,PachIs00
Dylan Parham,6-3,311.0,4.93,26.5,26.3,108.0,7.78,4.7,ParhDy00,3.0,90.0,LVR,OL,23.0,2022.0,0.0,0.0,1.0,7.0,7.0,17.0,0.0,0.0,0.0,0.0,0.0,0.0,0.0,0.0,0.0,0.0,0.0,1.0,,,ParhDy00
Chris Paul,6-4,323.0,4.89,27.0,26.3,109.0,7.74,4.83,PaulCh00,7.0,230.0,WAS,OL,23.0,2022.0,0.0,0.0,0.0,0.0,0.0,1.0,0.0,0.0,0.0,0.0,0.0,0.0,0.0,0.0,0.0,0.0,0.0,,,,PaulCh00
Trevor Penning,6-7,325.0,4.89,28.0,24.5,111.0,7.25,4.62,PennTr00,1.0,19.0,NOR,T,23.0,2022.0,0.0,0.0,0.0,1.0,1.0,6.0,0.0,0.0,0.0,0.0,0.0,0.0,0.0,0.0,0.0,0.0,0.0,,,,PennTr00
Nicholas Petit-Frere,6-5,316.0,5.14,24.5,24.5,103.0,7.9159999999999995,4.8133333333333335,PetiNi00,3.0,69.0,TEN,T,22.0,2022.0,0.0,0.0,1.0,6.0,6.0,16.0,0.0,0.0,0.0,0.0,0.0,0.0,0.0,0.0,0.0,0.0,0.0,1.0,,,PetiNi00
Kyle Philips,5-11,189.0,4.58,33.5,,124.0,7.098000000000001,4.308750000000001,PhilKy01,5.0,163.0,TEN,WR,23.0,2022.0,0.0,0.0,0.0,1.0,1.0,4.0,0.0,0.0,0.0,0.0,0.0,0.0,0.0,0.0,8.0,78.0,0.0,,,,PhilKy01
George Pickens,6-3,195.0,4.47,33.0,,125.0,7.098000000000001,4.308750000000001,PickGe00,2.0,52.0,PIT,WR,21.0,2022.0,0.0,0.0,1.0,7.0,7.0,17.0,0.0,0.0,0.0,0.0,0.0,3.0,24.0,1.0,52.0,801.0,4.0,1.0,,,PickGe00
Kenny Pickett,6-3,217.0,4.73,33.5,,121.0,7.1375,4.29,PickKe00,1.0,20.0,PIT,QB,24.0,2022.0,0.0,0.0,1.0,7.0,7.0,13.0,245.0,389.0,2404.0,7.0,9.0,55.0,237.0,3.0,0.0,0.0,0.0,2.0,,,PickKe00
Alec Pierce,6-3,211.0,4.41,40.5,,129.0,7.13,4.28,PierAl00,2.0,53.0,IND,WR,22.0,2022.0,0.0,0.0,1.0,4.0,4.0,16.0,0.0,0.0,0.0,0.0,0.0,0.0,0.0,0.0,41.0,593.0,2.0,,,,PierAl00
Dameon Pierce,5-10,218.0,4.59,34.5,21.0,119.0,,,PierDa01,4.0,107.0,HOU,RB,22.0,2022.0,0.0,0.0,1.0,6.0,6.0,13.0,0.0,0.0,0.0,0.0,0.0,220.0,939.0,4.0,30.0,165.0,1.0,1.0,,,PierDa01
Jalen Pitre,5-11,198.0,4.4383333333333335,35.0,16.0,125.16666666666667,6.74,4.18,PitrJa00,2.0,37.0,HOU,S,23.0,2022.0,0.0,0.0,1.0,7.0,7.0,17.0,0.0,0.0,0.0,0.0,0.0,0.0,0.0,0.0,0.0,0.0,0.0,99.0,5.0,1.0,PitrJa00
Brock Purdy,6-1,212.0,4.84,27.0,,117.25,7.21,4.45,PurdBr00,7.0,262.0,SFO,QB,22.0,2022.0,0.0,0.0,0.0,6.0,6.0,9.0,114.0,170.0,1374.0,13.0,4.0,22.0,13.0,1.0,0.0,0.0,0.0,,,,PurdBr00
Teagan Quitoriano,6-6,258.0,4.67,33.0,22.0,120.4,7.047499999999999,4.46,QuitTe00,5.0,170.0,HOU,TE,22.0,2022.0,0.0,0.0,0.0,1.0,1.0,9.0,0.0,0.0,0.0,0.0,0.0,0.0,0.0,0.0,7.0,113.0,2.0,2.0,,,QuitTe00
Bernhard Raimann,6-6,303.0,5.05,30.5,30.0,117.0,7.46,4.49,RaimBe00,3.0,77.0,IND,OL,24.0,2022.0,0.0,0.0,1.0,5.0,5.0,16.0,0.0,0.0,0.0,0.0,0.0,0.0,0.0,0.0,0.0,0.0,0.0,,,,RaimBe00
Sean Rhyan,6-5,321.0,5.25,33.5,26.3,110.0,7.55,4.81,RhyaSe00,3.0,92.0,GNB,OL,23.0,2022.0,0.0,0.0,0.0,0.0,0.0,1.0,0.0,0.0,0.0,0.0,0.0,0.0,0.0,0.0,0.0,0.0,0.0,,,,RhyaSe00
Desmond Ridder,6-3,211.0,4.52,36.0,,127.0,7.15,4.29,RiddDe00,3.0,74.0,ATL,QB,23.0,2022.0,0.0,0.0,0.0,3.0,3.0,4.0,73.0,115.0,708.0,2.0,0.0,16.0,64.0,0.0,0.0,0.0,0.0,,,,RiddDe00
John Ridgeway,6-5,321.0,5.3,27.875,23.333333333333332,101.0,7.876666666666666,4.73,RidgJo00,5.0,178.0,DAL,DT,23.0,2022.0,0.0,0.0,0.0,3.0,,15.0,0.0,0.0,0.0,0.0,0.0,0.0,0.0,0.0,0.0,0.0,0.0,9.0,,,RidgJo00
Dominique Robinson,6-5,253.0,4.72,41.0,25.0,121.0,7.050000000000001,4.338,RobiDo00,5.0,174.0,CHI,DE,24.0,2022.0,0.0,0.0,0.0,3.0,3.0,17.0,0.0,0.0,0.0,0.0,0.0,0.0,0.0,0.0,0.0,0.0,0.0,19.0,,1.5,RobiDo00
Wan'Dale Robinson,5-8,178.0,4.44,34.5,,118.0,7.098000000000001,4.308750000000001,RobiWa01,2.0,43.0,NYG,WR,21.0,2022.0,0.0,0.0,0.0,2.0,2.0,6.0,0.0,0.0,0.0,0.0,0.0,2.0,-1.0,0.0,23.0,227.0,1.0,,,,RobiWa01
Malcolm Rodriguez,5-11,232.0,4.52,39.5,23.75,120.0,7.03,4.326666666666667,RodrMa00,6.0,188.0,DET,LB,23.0,2022.0,0.0,0.0,1.0,6.0,6.0,16.0,0.0,0.0,0.0,0.0,0.0,0.0,0.0,0.0,0.0,0.0,0.0,62.0,,1.0,RodrMa00
Jeremy Ruckert,6-5,250.0,4.67,33.0,19.0,120.4,7.047499999999999,4.46,RuckJe00,3.0,101.0,NYJ,TE,22.0,2022.0,0.0,0.0,0.0,0.0,0.0,9.0,0.0,0.0,0.0,0.0,0.0,0.0,0.0,0.0,1.0,8.0,0.0,,,,RuckJe00
Jamaree Salyer,6-3,321.0,5.136666666666667,27.59259259259259,31.0,107.78571428571429,7.6594999999999995,4.699583333333333,SalyJa00,6.0,195.0,LAC,OL,22.0,2022.0,0.0,0.0,1.0,7.0,7.0,17.0,0.0,0.0,0.0,0.0,0.0,0.0,0.0,0.0,0.0,0.0,0.0,,,,SalyJa00
Myjai Sanders,6-5,228.0,4.67,33.0,22.0,120.0,7.050000000000001,4.37,SandMy00,3.0,100.0,ARI,DE,24.0,2022.0,0.0,0.0,0.0,2.0,2.0,13.0,0.0,0.0,0.0,0.0,0.0,0.0,0.0,0.0,0.0,0.0,0.0,17.0,,3.0,SandMy00
Justin Shaffer,6-4,314.0,5.14,25.5,26.3,107.0,7.6594999999999995,4.699583333333333,ShafJu00,6.0,190.0,ATL,OL,24.0,,0.0,0.0,0.0,,,,,,,,,,,,,,,,,,ShafJu00
Khalil Shakir,6-0,196.0,4.43,34.5,,124.0,7.28,4.21,ShakKh00,5.0,148.0,BUF,WR,22.0,2022.0,0.0,0.0,0.0,2.0,2.0,14.0,0.0,0.0,0.0,0.0,0.0,0.0,0.0,0.0,10.0,161.0,1.0,1.0,,,ShakKh00
Brandon Smith,6-4,250.0,4.52,37.5,23.75,128.0,7.03,4.326666666666667,SmitBr08,4.0,120.0,CAR,LB,21.0,2022.0,0.0,0.0,0.0,1.0,1.0,12.0,0.0,0.0,0.0,0.0,0.0,0.0,0.0,0.0,0.0,0.0,0.0,6.0,,,SmitBr08
Lecitus Smith,6-3,314.0,5.18,27.59259259259259,23.0,99.0,7.88,4.78,SmitLe01,6.0,215.0,ARI,OL,24.0,2022.0,0.0,0.0,0.0,1.0,1.0,10.0,0.0,0.0,0.0,0.0,0.0,0.0,0.0,0.0,0.0,0.0,0.0,,,,SmitLe01
Tyler Smith,6-5,324.0,5.02,27.5,26.3,105.0,7.78,4.65,SmitTy02,1.0,24.0,DAL,OL,21.0,2022.0,0.0,0.0,1.0,8.0,8.0,17.0,0.0,0.0,0.0,0.0,0.0,0.0,0.0,0.0,0.0,0.0,0.0,1.0,,,SmitTy02
Tyreke Smith,6-3,254.0,4.86,34.0,22.0,117.0,7.050000000000001,4.338,SmitTy03,5.0,158.0,SEA,DE,22.0,,0.0,0.0,0.0,,,,,,,,,,,,,,,,,,SmitTy03
Baylon Spector,6-0,233.0,4.6,36.0,23.75,122.0,7.03,4.326666666666667,SpecBa00,7.0,231.0,BUF,LB,23.0,2022.0,0.0,0.0,0.0,1.0,1.0,6.0,0.0,0.0,0.0,0.0,0.0,0.0,0.0,0.0,0.0,0.0,0.0,6.0,,,SpecBa00
Isaiah Spiller,6-0,217.0,4.480666666666667,30.0,23.5,114.0,,,SpilIs00,4.0,123.0,LAC,RB,21.0,2022.0,0.0,0.0,0.0,0.0,0.0,6.0,0.0,0.0,0.0,0.0,0.0,18.0,41.0,0.0,3.0,13.0,0.0,,,,SpilIs00
Jordan Stout,6-3,209.0,4.65,32.0,,121.0,,,StouJo00,4.0,130.0,BAL,P,24.0,2022.0,0.0,0.0,1.0,2.0,2.0,17.0,0.0,0.0,0.0,0.0,0.0,0.0,0.0,0.0,0.0,0.0,0.0,,,,StouJo00
Cole Strange,6-5,307.0,5.03,28.0,31.0,120.0,7.44,4.5,StraCo01,1.0,29.0,NWE,OL,24.0,2022.0,0.0,0.0,1.0,7.0,7.0,17.0,0.0,0.0,0.0,0.0,0.0,0.0,0.0,0.0,0.0,0.0,0.0,1.0,,,StraCo01
Pierre Strong,5-11,207.0,4.37,36.0,23.5,124.0,,,StroPi00,4.0,127.0,NWE,RB,23.0,2022.0,0.0,0.0,0.0,1.0,1.0,15.0,0.0,0.0,0.0,0.0,0.0,10.0,100.0,1.0,7.0,42.0,0.0,5.0,,,StroPi00
Andrew Stueber,6-7,325.0,5.136666666666667,24.5,26.3,101.0,7.94,4.9,StueAn00,7.0,245.0,NWE,OL,23.0,,0.0,0.0,0.0,,,,,,,,,,,,,,,,,,StueAn00
Alontae Taylor,6-0,199.0,4.36,34.5,16.666666666666668,128.0,6.686666666666667,4.08,TaylAl01,2.0,49.0,NOR,DB,23.0,2022.0,0.0,0.0,1.0,3.0,3.0,13.0,0.0,0.0,0.0,0.0,0.0,0.0,0.0,0.0,0.0,0.0,0.0,39.0,,,TaylAl01
Cam Taylor-Britt,5-11,196.0,4.38,37.5,17.0,121.0,,,TaylCa01,2.0,60.0,CIN,CB,22.0,2022.0,0.0,0.0,1.0,4.0,4.0,10.0,0.0,0.0,0.0,0.0,0.0,0.0,0.0,0.0,0.0,0.0,0.0,41.0,,,TaylCa01
Luke Tenuta,6-8,319.0,5.41,26.0,26.3,104.0,7.6594999999999995,4.77,TenuLu00,6.0,209.0,BUF,OL,23.0,2022.0,0.0,0.0,0.0,0.0,,3.0,0.0,0.0,0.0,0.0,0.0,0.0,0.0,0.0,0.0,0.0,0.0,,,,TenuLu00
Kayvon Thibodeaux,6-4,254.0,4.58,34.34615384615385,27.0,118.07692307692308,7.050000000000001,4.338,ThibKa00,1.0,5.0,NYG,DE,21.0,2022.0,0.0,0.0,1.0,7.0,7.0,14.0,0.0,0.0,0.0,0.0,0.0,0.0,0.0,0.0,0.0,0.0,0.0,33.0,,4.0,ThibKa00
Cameron Thomas,6-4,267.0,4.726923076923077,34.34615384615385,24.0,118.07692307692308,7.050000000000001,4.338,ThomCa03,3.0,87.0,ARI,DE,22.0,2022.0,0.0,0.0,0.0,1.0,1.0,17.0,0.0,0.0,0.0,0.0,0.0,0.0,0.0,0.0,0.0,0.0,0.0,7.0,,3.0,ThomCa03
Isaiah Thomas,6-5,266.0,4.7,31.5,22.0,117.0,7.050000000000001,4.338,ThomIs01,7.0,223.0,CLE,DE,23.0,2022.0,0.0,0.0,0.0,1.0,1.0,10.0,0.0,0.0,0.0,0.0,0.0,0.0,0.0,0.0,0.0,0.0,0.0,4.0,,1.0,ThomIs01
Skylar Thompson,6-2,217.0,4.91,31.0,,112.0,7.0,4.28,ThomSk00,7.0,247.0,MIA,QB,25.0,2022.0,0.0,0.0,0.0,2.0,2.0,7.0,60.0,105.0,534.0,1.0,3.0,14.0,21.0,0.0,0.0,0.0,0.0,,,,ThomSk00
Tyquan Thornton,6-2,181.0,4.28,36.5,,130.0,7.098000000000001,4.308750000000001,ThorTy00,2.0,50.0,NWE,WR,22.0,2022.0,0.0,0.0,1.0,2.0,2.0,13.0,0.0,0.0,0.0,0.0,0.0,3.0,16.0,1.0,22.0,247.0,2.0,2.0,,,ThorTy00
Channing Tindall,6-2,230.0,4.47,42.0,23.75,129.0,7.03,4.326666666666667,TindCh00,3.0,102.0,MIA,LB,22.0,2022.0,0.0,0.0,0.0,1.0,1.0,16.0,0.0,0.0,0.0,0.0,0.0,0.0,0.0,0.0,0.0,0.0,0.0,1.0,,,TindCh00
Jalen Tolbert,6-1,194.0,4.49,36.0,,123.0,7.08,4.308750000000001,TolbJa00,3.0,88.0,DAL,WR,23.0,2022.0,0.0,0.0,0.0,0.0,0.0,8.0,0.0,0.0,0.0,0.0,0.0,0.0,0.0,0.0,2.0,12.0,0.0,,,,TolbJa00
Zach Tom,6-4,304.0,4.94,33.0,26.3,118.0,7.32,4.47,TomxZa00,4.0,140.0,GNB,OL,23.0,2022.0,0.0,0.0,0.0,3.0,3.0,9.0,0.0,0.0,0.0,0.0,0.0,0.0,0.0,0.0,0.0,0.0,0.0,1.0,,,TomxZa00
Cole Turner,6-6,246.0,4.76,27.0,17.0,120.0,7.06,4.41,TurnCo00,5.0,149.0,WAS,TE,22.0,2022.0,0.0,0.0,0.0,0.0,0.0,10.0,0.0,0.0,0.0,0.0,0.0,0.0,0.0,0.0,2.0,23.0,0.0,,,,TurnCo00
Delarrin Turner-Yell,5-10,197.0,4.47,35.666666666666664,19.0,122.0,6.760000000000001,4.260000000000001,TurnDe02,5.0,152.0,DEN,S,22.0,2022.0,0.0,0.0,0.0,1.0,1.0,14.0,0.0,0.0,0.0,0.0,0.0,0.0,0.0,0.0,0.0,0.0,0.0,6.0,,,TurnDe02
Eyioma Uwazurike,6-6,316.0,4.726923076923077,33.0,22.0,107.0,7.050000000000001,4.338,UwazEy00,4.0,116.0,DEN,DE,24.0,2022.0,0.0,0.0,0.0,1.0,1.0,8.0,0.0,0.0,0.0,0.0,0.0,0.0,0.0,0.0,0.0,0.0,0.0,11.0,,,UwazEy00
Cordell Volson,6-6,315.0,5.27,25.0,25.0,104.0,8.31,4.93,VolsCo02,4.0,136.0,CIN,T,24.0,2022.0,0.0,0.0,1.0,9.0,9.0,16.0,0.0,0.0,0.0,0.0,0.0,0.0,0.0,0.0,0.0,0.0,0.0,,,,VolsCo02
Matt Waletzko,6-8,312.0,5.03,30.0,26.3,113.0,7.6594999999999995,4.699583333333333,WaleMa00,5.0,155.0,DAL,OL,22.0,2022.0,0.0,0.0,0.0,0.0,0.0,3.0,0.0,0.0,0.0,0.0,0.0,0.0,0.0,0.0,0.0,0.0,0.0,,,,WaleMa00
Quay Walker,6-4,241.0,4.52,32.0,23.75,122.0,7.03,4.326666666666667,WalkQu00,1.0,22.0,GNB,LB,22.0,2022.0,0.0,0.0,1.0,7.0,7.0,17.0,0.0,0.0,0.0,0.0,0.0,0.0,0.0,0.0,0.0,0.0,0.0,75.0,,1.5,WalkQu00
Rasheed Walker,6-6,313.0,5.136666666666667,27.59259259259259,26.3,107.78571428571429,7.6594999999999995,4.699583333333333,WalkRa00,7.0,249.0,GNB,OL,22.0,2022.0,0.0,0.0,0.0,0.0,0.0,1.0,0.0,0.0,0.0,0.0,0.0,0.0,0.0,0.0,0.0,0.0,0.0,,,,WalkRa00
Travon Walker,6-5,272.0,4.51,35.5,22.0,123.0,6.89,4.32,WalkTr03,1.0,1.0,JAX,DE,21.0,2022.0,0.0,0.0,1.0,6.0,6.0,15.0,0.0,0.0,0.0,0.0,0.0,0.0,0.0,0.0,0.0,0.0,0.0,24.0,1.0,3.5,WalkTr03
Christian Watson,6-4,208.0,4.36,38.5,,136.0,7.098000000000001,4.308750000000001,WatsCh00,2.0,34.0,GNB,WR,23.0,2022.0,0.0,0.0,1.0,7.0,7.0,14.0,0.0,0.0,0.0,0.0,0.0,7.0,80.0,2.0,41.0,611.0,7.0,,,,WatsCh00
Jaylen Watson,6-2,197.0,4.51,36.55,18.0,127.44444444444444,6.686666666666667,4.08,WatsJa02,7.0,243.0,KAN,DB,23.0,2022.0,0.0,0.0,0.0,3.0,3.0,16.0,0.0,0.0,0.0,0.0,0.0,0.0,0.0,0.0,0.0,0.0,0.0,37.0,1.0,,WatsJa02
Luke Wattenberg,6-4,299.0,5.2,29.5,26.3,113.0,7.45,4.57,WattLu00,5.0,171.0,DEN,OL,24.0,2022.0,0.0,0.0,0.0,1.0,1.0,7.0,0.0,0.0,0.0,0.0,0.0,0.0,0.0,0.0,0.0,0.0,0.0,,,,WattLu00
Rachaad White,6-0,214.0,4.48,38.0,23.5,125.0,,,WhitRa01,3.0,91.0,TAM,RB,23.0,2022.0,0.0,0.0,0.0,4.0,4.0,17.0,0.0,0.0,0.0,0.0,0.0,129.0,481.0,1.0,50.0,290.0,2.0,4.0,,,WhitRa01
Zamir White,6-0,214.0,4.4,33.5,23.5,128.0,,,WhitZa01,4.0,122.0,LVR,RB,22.0,2022.0,0.0,0.0,0.0,0.0,0.0,14.0,0.0,0.0,0.0,0.0,0.0,17.0,70.0,0.0,0.0,0.0,0.0,,,,WhitZa01
Damarion Williams,5-10,182.0,4.427272727272728,34.5,17.0,118.0,,,WillDa15,4.0,141.0,BAL,CB,24.0,2022.0,0.0,0.0,0.0,1.0,1.0,14.0,0.0,0.0,0.0,0.0,0.0,0.0,0.0,0.0,0.0,0.0,0.0,15.0,,,WillDa15
Jameson Williams,6-2,179.0,4.431111111111111,35.63157894736842,,125.15789473684211,7.098000000000001,4.308750000000001,WillJa11,1.0,12.0,DET,WR,21.0,2022.0,0.0,0.0,0.0,1.0,1.0,6.0,0.0,0.0,0.0,0.0,0.0,1.0,40.0,0.0,1.0,41.0,1.0,,,,WillJa11
Joshua Williams,6-3,195.0,4.53,36.0,17.0,124.0,,,WillJo03,4.0,135.0,KAN,CB,22.0,2022.0,0.0,0.0,0.0,2.0,2.0,17.0,0.0,0.0,0.0,0.0,0.0,0.0,0.0,0.0,0.0,0.0,0.0,29.0,1.0,,WillJo03
Kyren Williams,5-9,194.0,4.65,32.0,23.5,116.0,,,WillKy02,5.0,164.0,LAR,RB,22.0,2022.0,0.0,0.0,0.0,2.0,2.0,10.0,0.0,0.0,0.0,0.0,0.0,35.0,139.0,0.0,9.0,76.0,0.0,2.0,,,WillKy02
Sam Williams,6-4,261.0,4.46,32.5,22.0,123.0,7.050000000000001,4.338,WillSa00,2.0,56.0,DAL,DE,23.0,2022.0,0.0,0.0,0.0,2.0,2.0,15.0,0.0,0.0,0.0,0.0,0.0,0.0,0.0,0.0,0.0,0.0,0.0,15.0,,4.0,WillSa00
Malik Willis,6-1,219.0,4.776,31.5,,117.25,7.1375,4.3420000000000005,WillMa12,3.0,86.0,TEN,QB,23.0,2022.0,0.0,0.0,0.0,1.0,1.0,8.0,31.0,61.0,276.0,0.0,3.0,27.0,123.0,1.0,0.0,0.0,0.0,1.0,,,WillMa12
Garrett Wilson,6-0,183.0,4.38,36.0,,123.0,7.098000000000001,4.36,WilsGa00,1.0,10.0,NYJ,WR,22.0,2022.0,0.0,0.0,1.0,8.0,8.0,17.0,0.0,1.0,0.0,0.0,0.0,4.0,4.0,0.0,83.0,1103.0,4.0,1.0,,,WilsGa00
Perrion Winfrey,6-4,290.0,4.89,27.875,23.333333333333332,110.0,7.876666666666666,4.704,WinfPe00,4.0,108.0,CLE,DT,22.0,2022.0,0.0,0.0,0.0,1.0,1.0,13.0,0.0,0.0,0.0,0.0,0.0,0.0,0.0,0.0,0.0,0.0,0.0,8.0,,0.5,WinfPe00
Jelani Woods,6-7,259.0,4.61,33.0,24.0,120.4,7.047499999999999,4.46,WoodJe01,3.0,73.0,IND,TE,23.0,2022.0,0.0,0.0,0.0,2.0,2.0,15.0,0.0,0.0,0.0,0.0,0.0,0.0,0.0,0.0,25.0,312.0,3.0,1.0,,,WoodJe01
JT Woods,6-2,195.0,4.36,39.5,19.0,128.0,6.760000000000001,4.260000000000001,WoodJT00,3.0,79.0,LAC,S,22.0,2022.0,0.0,0.0,0.0,1.0,1.0,10.0,0.0,0.0,0.0,0.0,0.0,0.0,0.0,0.0,0.0,0.0,0.0,2.0,,,WoodJT00
Tariq Woolen,6-4,205.0,4.26,42.0,17.0,121.0,,,WoolTa00,5.0,153.0,SEA,CB,23.0,2022.0,0.0,1.0,1.0,10.0,10.0,17.0,0.0,0.0,0.0,0.0,0.0,0.0,0.0,0.0,0.0,0.0,0.0,46.0,6.0,,WoolTa00
Alex Wright,6-5,271.0,4.726923076923077,34.34615384615385,15.0,118.07692307692308,7.050000000000001,4.338,WrigAl01,3.0,78.0,CLE,DE,22.0,2022.0,0.0,0.0,0.0,3.0,3.0,17.0,0.0,0.0,0.0,0.0,0.0,0.0,0.0,0.0,0.0,0.0,0.0,13.0,,,WrigAl01
Devonte Wyatt,6-3,304.0,4.77,29.0,23.333333333333332,111.0,7.876666666666666,4.704,WyatDe00,1.0,28.0,GNB,DT,24.0,2022.0,0.0,0.0,0.0,1.0,1.0,16.0,0.0,0.0,0.0,0.0,0.0,0.0,0.0,0.0,0.0,0.0,0.0,8.0,,1.5,WyatDe00
Cade York,6-1,206.0,,,12.0,,,,YorkCa00,4.0,124.0,CLE,K,21.0,2022.0,0.0,0.0,1.0,1.0,1.0,17.0,0.0,0.0,0.0,0.0,0.0,0.0,0.0,0.0,0.0,0.0,0.0,1.0,,,YorkCa00
Nick Zakelj,6-6,316.0,5.13,28.5,27.0,110.0,7.75,4.71,ZakeNi00,6.0,187.0,SFO,OL,23.0,2022.0,0.0,0.0,0.0,0.0,0.0,5.0,0.0,0.0,0.0,0.0,0.0,0.0,0.0,0.0,0.0,0.0,0.0,,,,ZakeNi00
Bailey Zappe,6-1,215.0,4.88,30.0,,109.0,7.19,4.4,ZappBa00,4.0,137.0,NWE,QB,23.0,2022.0,0.0,0.0,0.0,2.0,2.0,4.0,65.0,92.0,781.0,5.0,3.0,10.0,0.0,0.0,1.0,-6.0,0.0,,,,ZappBa00
